-- test_findUserRoot_returnsEntity_forActor
INSERT INTO "ACTOR" ("ID", "EXT_ID") VALUES (-10, 'fd133dbb-26c6-4e2a-b748-9876bc4ca5e7');
INSERT INTO "DIRECTORY_ENTRY" ("ID", "TYPE", "EXT_ID", "STATUS") VALUES (-1, 0, '466cf730-397e-4cb4-b20e-86ad0fee7a03', 0);
INSERT INTO "ACCESS" ("ID", "OWNERSHIP", "PERMISSION", "ACTOR_ID", "ENTRY_ID") VALUES (-10, 1, 0, -10, -1);

-- test_search
INSERT INTO "ACTOR" ("ID", "EXT_ID") VALUES (-11, '2cf603d1-565a-4838-9da7-907752bd4974');
INSERT INTO "DIRECTORY_ENTRY" ("ID", "TYPE", "EXT_ID", "STATUS", "NAME") VALUES (-20, 0, '57f57c8c-83a2-4b9d-83c9-a0b32811df71', 0, 'foo-20');
INSERT INTO "ACCESS" ("ID", "OWNERSHIP", "PERMISSION", "ACTOR_ID", "ENTRY_ID") VALUES (-20, 0, 0, -11, -20);
INSERT INTO "DIRECTORY_ENTRY" ("ID", "TYPE", "EXT_ID", "STATUS", "NAME") VALUES (-21, 0, '979b93b7-086b-4095-81ed-87de263eda10', 0, 'foo-21');
INSERT INTO "ACCESS" ("ID", "OWNERSHIP", "PERMISSION", "ACTOR_ID", "ENTRY_ID") VALUES (-21, 0, 0, -11, -21);
INSERT INTO "DIRECTORY_ENTRY" ("ID", "TYPE", "EXT_ID", "STATUS", "NAME") VALUES (-22, 0, 'b2b2ded9-74fd-4beb-aa68-00317fc37369', 0, 'foo-22');
INSERT INTO "ACCESS" ("ID", "OWNERSHIP", "PERMISSION", "ACTOR_ID", "ENTRY_ID") VALUES (-22, 0, 0, -11, -22);
INSERT INTO "DIRECTORY_ENTRY" ("ID", "TYPE", "EXT_ID", "STATUS", "NAME") VALUES (-23, 0, '697c7d53-a86b-40ee-ac2e-0d0f69896433', 0, 'foo-23');
INSERT INTO "ACCESS" ("ID", "OWNERSHIP", "PERMISSION", "ACTOR_ID", "ENTRY_ID") VALUES (-23, 0, 0, -11, -23);
INSERT INTO "DIRECTORY_ENTRY" ("ID", "TYPE", "EXT_ID", "STATUS", "NAME") VALUES (-24, 0, '9dd0b0a1-f4d5-47d6-8c4d-e470a867a4a3', 0, 'foo-24');
INSERT INTO "ACCESS" ("ID", "OWNERSHIP", "PERMISSION", "ACTOR_ID", "ENTRY_ID") VALUES (-24, 0, 0, -11, -24);
INSERT INTO "DIRECTORY_ENTRY" ("ID", "TYPE", "EXT_ID", "STATUS", "NAME") VALUES (-25, 0, '82fdd74f-b7a5-4d57-9afe-275d21804efb', 0, 'foo-25');
INSERT INTO "ACCESS" ("ID", "OWNERSHIP", "PERMISSION", "ACTOR_ID", "ENTRY_ID") VALUES (-25, 0, 0, -11, -25);
INSERT INTO "DIRECTORY_ENTRY" ("ID", "TYPE", "EXT_ID", "STATUS", "NAME") VALUES (-26, 0, '954bc479-3e5f-4ef4-a04c-8a3d7056ef0c', 0, 'foo-26');
INSERT INTO "ACCESS" ("ID", "OWNERSHIP", "PERMISSION", "ACTOR_ID", "ENTRY_ID") VALUES (-26, 0, 0, -11, -26);
INSERT INTO "DIRECTORY_ENTRY" ("ID", "TYPE", "EXT_ID", "STATUS", "NAME") VALUES (-27, 0, 'db7e95b8-54a3-4f45-a16a-fb4488a9203c', 0, 'foo-27');
INSERT INTO "ACCESS" ("ID", "OWNERSHIP", "PERMISSION", "ACTOR_ID", "ENTRY_ID") VALUES (-27, 0, 0, -11, -27);
INSERT INTO "DIRECTORY_ENTRY" ("ID", "TYPE", "EXT_ID", "STATUS", "NAME") VALUES (-28, 0, '93f429b6-1b6d-4940-94fa-fee96d77fe99', 0, 'foo-28');
INSERT INTO "ACCESS" ("ID", "OWNERSHIP", "PERMISSION", "ACTOR_ID", "ENTRY_ID") VALUES (-28, 0, 0, -11, -28);
INSERT INTO "DIRECTORY_ENTRY" ("ID", "TYPE", "EXT_ID", "STATUS", "NAME") VALUES (-29, 0, '38fd4638-a586-4e39-80bf-388459490e84', 0, 'foo-29');
INSERT INTO "ACCESS" ("ID", "OWNERSHIP", "PERMISSION", "ACTOR_ID", "ENTRY_ID") VALUES (-29, 0, 0, -11, -29);
INSERT INTO "DIRECTORY_ENTRY" ("ID", "TYPE", "EXT_ID", "STATUS", "NAME") VALUES (-30, 0, 'a2559a1f-b1e3-45d9-be32-db6e6130aca7', 0, 'foo-30');
INSERT INTO "ACCESS" ("ID", "OWNERSHIP", "PERMISSION", "ACTOR_ID", "ENTRY_ID") VALUES (-30, 0, 0, -11, -30);
INSERT INTO "DIRECTORY_ENTRY" ("ID", "TYPE", "EXT_ID", "STATUS", "NAME") VALUES (-31, 0, 'f8f1098c-17fa-40ff-a32c-c77276a960b3', 0, 'foo-31');
INSERT INTO "ACCESS" ("ID", "OWNERSHIP", "PERMISSION", "ACTOR_ID", "ENTRY_ID") VALUES (-31, 0, 0, -11, -31);
INSERT INTO "DIRECTORY_ENTRY" ("ID", "TYPE", "EXT_ID", "STATUS", "NAME") VALUES (-32, 0, 'aee409e8-d1a9-4f52-9e27-74ea12ac3fe2', 0, 'foo-32');
INSERT INTO "ACCESS" ("ID", "OWNERSHIP", "PERMISSION", "ACTOR_ID", "ENTRY_ID") VALUES (-32, 0, 0, -11, -32);
INSERT INTO "DIRECTORY_ENTRY" ("ID", "TYPE", "EXT_ID", "STATUS", "NAME") VALUES (-33, 0, '9bb0ffdd-54be-4f21-907a-6a078bf737cd', 0, 'foo-33');
INSERT INTO "ACCESS" ("ID", "OWNERSHIP", "PERMISSION", "ACTOR_ID", "ENTRY_ID") VALUES (-33, 0, 0, -11, -33);
INSERT INTO "DIRECTORY_ENTRY" ("ID", "TYPE", "EXT_ID", "STATUS", "NAME") VALUES (-34, 0, 'fa025704-abf8-4004-9c4e-0bdb1af61801', 0, 'foo-34');
INSERT INTO "ACCESS" ("ID", "OWNERSHIP", "PERMISSION", "ACTOR_ID", "ENTRY_ID") VALUES (-34, 0, 0, -11, -34);
INSERT INTO "DIRECTORY_ENTRY" ("ID", "TYPE", "EXT_ID", "STATUS", "NAME") VALUES (-35, 0, '6a37d527-fbb3-4dda-9128-12462ce51fb4', 0, 'foo-35');
INSERT INTO "ACCESS" ("ID", "OWNERSHIP", "PERMISSION", "ACTOR_ID", "ENTRY_ID") VALUES (-35, 0, 0, -11, -35);
INSERT INTO "DIRECTORY_ENTRY" ("ID", "TYPE", "EXT_ID", "STATUS", "NAME") VALUES (-36, 0, 'b174e760-9432-4c37-adb1-f271cf688da6', 0, 'foo-36');
INSERT INTO "ACCESS" ("ID", "OWNERSHIP", "PERMISSION", "ACTOR_ID", "ENTRY_ID") VALUES (-36, 0, 0, -11, -36);
INSERT INTO "DIRECTORY_ENTRY" ("ID", "TYPE", "EXT_ID", "STATUS", "NAME") VALUES (-37, 0, 'b49c71c2-5908-4da1-a1ca-13352761c682', 0, 'foo-37');
INSERT INTO "ACCESS" ("ID", "OWNERSHIP", "PERMISSION", "ACTOR_ID", "ENTRY_ID") VALUES (-37, 0, 0, -11, -37);
INSERT INTO "DIRECTORY_ENTRY" ("ID", "TYPE", "EXT_ID", "STATUS", "NAME") VALUES (-38, 0, 'b90076a5-1f88-4cc3-9711-52d49e58475e', 0, 'foo-38');
INSERT INTO "ACCESS" ("ID", "OWNERSHIP", "PERMISSION", "ACTOR_ID", "ENTRY_ID") VALUES (-38, 0, 0, -11, -38);
INSERT INTO "DIRECTORY_ENTRY" ("ID", "TYPE", "EXT_ID", "STATUS", "NAME") VALUES (-39, 0, '084f9a72-63d8-4321-ae96-f1e501f03810', 0, 'foo-39');
INSERT INTO "ACCESS" ("ID", "OWNERSHIP", "PERMISSION", "ACTOR_ID", "ENTRY_ID") VALUES (-39, 0, 0, -11, -39);
INSERT INTO "DIRECTORY_ENTRY" ("ID", "TYPE", "EXT_ID", "STATUS", "NAME") VALUES (-40, 0, 'ace05efd-861f-409b-ad1e-712c029bb836', 0, 'foo-40');
INSERT INTO "ACCESS" ("ID", "OWNERSHIP", "PERMISSION", "ACTOR_ID", "ENTRY_ID") VALUES (-40, 0, 0, -11, -40);
INSERT INTO "DIRECTORY_ENTRY" ("ID", "TYPE", "EXT_ID", "STATUS", "NAME") VALUES (-41, 0, 'ebb6a36a-3582-4da7-966d-7b7fbd33076c', 0, 'foo-41');
INSERT INTO "ACCESS" ("ID", "OWNERSHIP", "PERMISSION", "ACTOR_ID", "ENTRY_ID") VALUES (-41, 0, 0, -11, -41);
INSERT INTO "DIRECTORY_ENTRY" ("ID", "TYPE", "EXT_ID", "STATUS", "NAME") VALUES (-42, 0, '70ec3baa-0be7-42bb-8731-8d45527eaa59', 0, 'foo-42');
INSERT INTO "ACCESS" ("ID", "OWNERSHIP", "PERMISSION", "ACTOR_ID", "ENTRY_ID") VALUES (-42, 0, 0, -11, -42);
INSERT INTO "DIRECTORY_ENTRY" ("ID", "TYPE", "EXT_ID", "STATUS", "NAME") VALUES (-43, 0, '86800889-4d55-422a-8781-3b2350dd1686', 0, 'foo-43');
INSERT INTO "ACCESS" ("ID", "OWNERSHIP", "PERMISSION", "ACTOR_ID", "ENTRY_ID") VALUES (-43, 0, 0, -11, -43);
INSERT INTO "DIRECTORY_ENTRY" ("ID", "TYPE", "EXT_ID", "STATUS", "NAME") VALUES (-44, 0, 'c850995c-0c82-4c00-a012-edf68033856a', 0, 'foo-44');
INSERT INTO "ACCESS" ("ID", "OWNERSHIP", "PERMISSION", "ACTOR_ID", "ENTRY_ID") VALUES (-44, 0, 0, -11, -44);
INSERT INTO "DIRECTORY_ENTRY" ("ID", "TYPE", "EXT_ID", "STATUS", "NAME") VALUES (-45, 0, '88d437d7-6647-4597-be74-b6c7df28bc72', 0, 'foo-45');
INSERT INTO "ACCESS" ("ID", "OWNERSHIP", "PERMISSION", "ACTOR_ID", "ENTRY_ID") VALUES (-45, 0, 0, -11, -45);
INSERT INTO "DIRECTORY_ENTRY" ("ID", "TYPE", "EXT_ID", "STATUS", "NAME") VALUES (-46, 0, '6c92280c-a19e-4e26-aaf9-884d7e3a659c', 0, 'foo-46');
INSERT INTO "ACCESS" ("ID", "OWNERSHIP", "PERMISSION", "ACTOR_ID", "ENTRY_ID") VALUES (-46, 0, 0, -11, -46);
INSERT INTO "DIRECTORY_ENTRY" ("ID", "TYPE", "EXT_ID", "STATUS", "NAME") VALUES (-47, 0, '4d37bb59-f520-4421-93be-e027ab278921', 0, 'foo-47');
INSERT INTO "ACCESS" ("ID", "OWNERSHIP", "PERMISSION", "ACTOR_ID", "ENTRY_ID") VALUES (-47, 0, 0, -11, -47);
INSERT INTO "DIRECTORY_ENTRY" ("ID", "TYPE", "EXT_ID", "STATUS", "NAME") VALUES (-48, 0, '804c4342-28c9-4bef-b2e1-39a006cbe77c', 0, 'foo-48');
INSERT INTO "ACCESS" ("ID", "OWNERSHIP", "PERMISSION", "ACTOR_ID", "ENTRY_ID") VALUES (-48, 0, 0, -11, -48);
INSERT INTO "DIRECTORY_ENTRY" ("ID", "TYPE", "EXT_ID", "STATUS", "NAME") VALUES (-49, 0, 'cc166e4c-697c-4a4d-a58a-6e33f70ebac2', 0, 'foo-49');
INSERT INTO "ACCESS" ("ID", "OWNERSHIP", "PERMISSION", "ACTOR_ID", "ENTRY_ID") VALUES (-49, 0, 0, -11, -49);
INSERT INTO "DIRECTORY_ENTRY" ("ID", "TYPE", "EXT_ID", "STATUS", "NAME") VALUES (-50, 0, '71a88284-b781-4503-b376-f60be5ebb954', 0, 'foo-50');
INSERT INTO "ACCESS" ("ID", "OWNERSHIP", "PERMISSION", "ACTOR_ID", "ENTRY_ID") VALUES (-50, 0, 0, -11, -50);
INSERT INTO "DIRECTORY_ENTRY" ("ID", "TYPE", "EXT_ID", "STATUS", "NAME") VALUES (-51, 0, 'b6268a79-e3c6-4693-afa0-2a3b842ae383', 0, 'foo-51');
INSERT INTO "ACCESS" ("ID", "OWNERSHIP", "PERMISSION", "ACTOR_ID", "ENTRY_ID") VALUES (-51, 0, 0, -11, -51);
INSERT INTO "DIRECTORY_ENTRY" ("ID", "TYPE", "EXT_ID", "STATUS", "NAME") VALUES (-52, 0, '3ddef8f2-fc14-4b71-a854-9b2a7b012a59', 0, 'foo-52');
INSERT INTO "ACCESS" ("ID", "OWNERSHIP", "PERMISSION", "ACTOR_ID", "ENTRY_ID") VALUES (-52, 0, 0, -11, -52);
INSERT INTO "DIRECTORY_ENTRY" ("ID", "TYPE", "EXT_ID", "STATUS", "NAME") VALUES (-53, 0, '1a80bf2b-77ea-42b6-97b4-7571bf4b1374', 0, 'foo-53');
INSERT INTO "ACCESS" ("ID", "OWNERSHIP", "PERMISSION", "ACTOR_ID", "ENTRY_ID") VALUES (-53, 0, 0, -11, -53);
INSERT INTO "DIRECTORY_ENTRY" ("ID", "TYPE", "EXT_ID", "STATUS", "NAME") VALUES (-54, 0, '57d464e0-4254-47c7-a5a4-961239053d9a', 0, 'foo-54');
INSERT INTO "ACCESS" ("ID", "OWNERSHIP", "PERMISSION", "ACTOR_ID", "ENTRY_ID") VALUES (-54, 0, 0, -11, -54);
INSERT INTO "DIRECTORY_ENTRY" ("ID", "TYPE", "EXT_ID", "STATUS", "NAME") VALUES (-55, 0, '75523c8b-4104-4668-9aa0-8eb11ee22f48', 0, 'foo-55');
INSERT INTO "ACCESS" ("ID", "OWNERSHIP", "PERMISSION", "ACTOR_ID", "ENTRY_ID") VALUES (-55, 0, 0, -11, -55);
INSERT INTO "DIRECTORY_ENTRY" ("ID", "TYPE", "EXT_ID", "STATUS", "NAME") VALUES (-56, 0, '0f8808e0-328e-4498-a69c-377e5ff76b45', 0, 'foo-56');
INSERT INTO "ACCESS" ("ID", "OWNERSHIP", "PERMISSION", "ACTOR_ID", "ENTRY_ID") VALUES (-56, 0, 0, -11, -56);
INSERT INTO "DIRECTORY_ENTRY" ("ID", "TYPE", "EXT_ID", "STATUS", "NAME") VALUES (-57, 0, 'bf93d6be-d10f-407d-80d8-1806f5225a88', 0, 'foo-57');
INSERT INTO "ACCESS" ("ID", "OWNERSHIP", "PERMISSION", "ACTOR_ID", "ENTRY_ID") VALUES (-57, 0, 0, -11, -57);
INSERT INTO "DIRECTORY_ENTRY" ("ID", "TYPE", "EXT_ID", "STATUS", "NAME") VALUES (-58, 0, 'cc641d33-af6d-4e0b-b3fc-98f084c79f69', 0, 'foo-58');
INSERT INTO "ACCESS" ("ID", "OWNERSHIP", "PERMISSION", "ACTOR_ID", "ENTRY_ID") VALUES (-58, 0, 0, -11, -58);
INSERT INTO "DIRECTORY_ENTRY" ("ID", "TYPE", "EXT_ID", "STATUS", "NAME") VALUES (-59, 0, 'eec45f6f-5083-4c4f-bc91-efd20d029d6e', 0, 'foo-59');
INSERT INTO "ACCESS" ("ID", "OWNERSHIP", "PERMISSION", "ACTOR_ID", "ENTRY_ID") VALUES (-59, 0, 0, -11, -59);
INSERT INTO "DIRECTORY_ENTRY" ("ID", "TYPE", "EXT_ID", "STATUS", "NAME") VALUES (-60, 0, '879d8e37-b48e-4f0f-8c56-9f99c2f65b9b', 0, 'foo-60');
INSERT INTO "ACCESS" ("ID", "OWNERSHIP", "PERMISSION", "ACTOR_ID", "ENTRY_ID") VALUES (-60, 0, 0, -11, -60);
INSERT INTO "DIRECTORY_ENTRY" ("ID", "TYPE", "EXT_ID", "STATUS", "NAME") VALUES (-61, 0, '33736a93-cab0-47d4-92a0-0116ede85f7d', 0, 'foo-61');
INSERT INTO "ACCESS" ("ID", "OWNERSHIP", "PERMISSION", "ACTOR_ID", "ENTRY_ID") VALUES (-61, 0, 0, -11, -61);
INSERT INTO "DIRECTORY_ENTRY" ("ID", "TYPE", "EXT_ID", "STATUS", "NAME") VALUES (-62, 0, '9a7e776d-184c-44a5-8ee4-402b29a2091c', 0, 'foo-62');
INSERT INTO "ACCESS" ("ID", "OWNERSHIP", "PERMISSION", "ACTOR_ID", "ENTRY_ID") VALUES (-62, 0, 0, -11, -62);
INSERT INTO "DIRECTORY_ENTRY" ("ID", "TYPE", "EXT_ID", "STATUS", "NAME") VALUES (-63, 0, '11bb25c7-1232-44d7-875a-8ad02d7bbe60', 0, 'foo-63');
INSERT INTO "ACCESS" ("ID", "OWNERSHIP", "PERMISSION", "ACTOR_ID", "ENTRY_ID") VALUES (-63, 0, 0, -11, -63);
INSERT INTO "DIRECTORY_ENTRY" ("ID", "TYPE", "EXT_ID", "STATUS", "NAME") VALUES (-64, 0, '6d181ef0-7377-4478-92e4-eb70eb78e0d3', 0, 'foo-64');
INSERT INTO "ACCESS" ("ID", "OWNERSHIP", "PERMISSION", "ACTOR_ID", "ENTRY_ID") VALUES (-64, 0, 0, -11, -64);
INSERT INTO "DIRECTORY_ENTRY" ("ID", "TYPE", "EXT_ID", "STATUS", "NAME") VALUES (-65, 0, '76d4dd7b-8942-410a-8ecb-1d5d28b4c4ce', 0, 'foo-65');
INSERT INTO "ACCESS" ("ID", "OWNERSHIP", "PERMISSION", "ACTOR_ID", "ENTRY_ID") VALUES (-65, 0, 0, -11, -65);
INSERT INTO "DIRECTORY_ENTRY" ("ID", "TYPE", "EXT_ID", "STATUS", "NAME") VALUES (-66, 0, '6135149a-5e00-4a9b-adcb-f66aba8be07e', 0, 'foo-66');
INSERT INTO "ACCESS" ("ID", "OWNERSHIP", "PERMISSION", "ACTOR_ID", "ENTRY_ID") VALUES (-66, 0, 0, -11, -66);
INSERT INTO "DIRECTORY_ENTRY" ("ID", "TYPE", "EXT_ID", "STATUS", "NAME") VALUES (-67, 0, '28cbea11-6345-4499-aa2a-6c0b4ee825a6', 0, 'foo-67');
INSERT INTO "ACCESS" ("ID", "OWNERSHIP", "PERMISSION", "ACTOR_ID", "ENTRY_ID") VALUES (-67, 0, 0, -11, -67);
INSERT INTO "DIRECTORY_ENTRY" ("ID", "TYPE", "EXT_ID", "STATUS", "NAME") VALUES (-68, 0, 'd038ada7-641c-46fc-9953-8896fe24ddc2', 0, 'foo-68');
INSERT INTO "ACCESS" ("ID", "OWNERSHIP", "PERMISSION", "ACTOR_ID", "ENTRY_ID") VALUES (-68, 0, 0, -11, -68);
INSERT INTO "DIRECTORY_ENTRY" ("ID", "TYPE", "EXT_ID", "STATUS", "NAME") VALUES (-69, 0, 'd6fdb45f-58c5-448f-a268-201e520c9e45', 0, 'foo-69');
INSERT INTO "ACCESS" ("ID", "OWNERSHIP", "PERMISSION", "ACTOR_ID", "ENTRY_ID") VALUES (-69, 0, 0, -11, -69);

-- test_findAllByParent
INSERT INTO "ACTOR" ("ID", "EXT_ID") VALUES (-12, 'd0874bdb-ef04-4415-abba-606ad62dc4bf');
INSERT INTO "DIRECTORY_ENTRY" ("ID", "TYPE", "EXT_ID", "STATUS") VALUES (-80, 0, '117c571f-638d-423b-8b4a-709a7f1ee045', 0);
INSERT INTO "DIRECTORY_ENTRY" ("ID", "TYPE", "EXT_ID", "STATUS", "NAME", "PARENT_ID") VALUES (-81, 0, 'a0dcc562-2d92-471d-8bf0-175aa4b0a9a0', 0, 'foo-081', -80);
INSERT INTO "ACCESS" ("ID", "OWNERSHIP", "PERMISSION", "ACTOR_ID", "ENTRY_ID") VALUES (-81, 0, 0, -12, -81);
INSERT INTO "DIRECTORY_ENTRY" ("ID", "TYPE", "EXT_ID", "STATUS", "NAME", "PARENT_ID") VALUES (-82, 0, '5d131082-1c7d-4d3e-ad4d-cad56191c948', 0, 'foo-082', -80);
INSERT INTO "ACCESS" ("ID", "OWNERSHIP", "PERMISSION", "ACTOR_ID", "ENTRY_ID") VALUES (-82, 0, 0, -12, -82);
INSERT INTO "DIRECTORY_ENTRY" ("ID", "TYPE", "EXT_ID", "STATUS", "NAME", "PARENT_ID") VALUES (-83, 0, 'fd2522ee-d747-4e03-86a3-bed708a15631', 0, 'foo-083', -80);
INSERT INTO "ACCESS" ("ID", "OWNERSHIP", "PERMISSION", "ACTOR_ID", "ENTRY_ID") VALUES (-83, 0, 0, -12, -83);
INSERT INTO "DIRECTORY_ENTRY" ("ID", "TYPE", "EXT_ID", "STATUS", "NAME", "PARENT_ID") VALUES (-84, 0, '83e94e44-3b50-404b-809d-27a398f19936', 0, 'foo-084', -80);
INSERT INTO "ACCESS" ("ID", "OWNERSHIP", "PERMISSION", "ACTOR_ID", "ENTRY_ID") VALUES (-84, 0, 0, -12, -84);
INSERT INTO "DIRECTORY_ENTRY" ("ID", "TYPE", "EXT_ID", "STATUS", "NAME", "PARENT_ID") VALUES (-85, 0, '79633ea3-88ce-41d4-abc7-c2540b495cf3', 0, 'foo-085', -80);
INSERT INTO "ACCESS" ("ID", "OWNERSHIP", "PERMISSION", "ACTOR_ID", "ENTRY_ID") VALUES (-85, 0, 0, -12, -85);
INSERT INTO "DIRECTORY_ENTRY" ("ID", "TYPE", "EXT_ID", "STATUS", "NAME", "PARENT_ID") VALUES (-86, 0, '89520f93-78c8-40a5-8d43-85d4bc345721', 0, 'foo-086', -80);
INSERT INTO "ACCESS" ("ID", "OWNERSHIP", "PERMISSION", "ACTOR_ID", "ENTRY_ID") VALUES (-86, 0, 0, -12, -86);
INSERT INTO "DIRECTORY_ENTRY" ("ID", "TYPE", "EXT_ID", "STATUS", "NAME", "PARENT_ID") VALUES (-87, 0, 'c23bbb6c-8eb5-4dee-af83-e07ad4b5a38a', 0, 'foo-087', -80);
INSERT INTO "ACCESS" ("ID", "OWNERSHIP", "PERMISSION", "ACTOR_ID", "ENTRY_ID") VALUES (-87, 0, 0, -12, -87);
INSERT INTO "DIRECTORY_ENTRY" ("ID", "TYPE", "EXT_ID", "STATUS", "NAME", "PARENT_ID") VALUES (-88, 0, 'e0bab4a4-7f03-4ab3-ae1f-50c9da0785b7', 0, 'foo-088', -80);
INSERT INTO "ACCESS" ("ID", "OWNERSHIP", "PERMISSION", "ACTOR_ID", "ENTRY_ID") VALUES (-88, 0, 0, -12, -88);
INSERT INTO "DIRECTORY_ENTRY" ("ID", "TYPE", "EXT_ID", "STATUS", "NAME", "PARENT_ID") VALUES (-89, 0, '7b0702bb-13b1-42eb-aeab-b101b2e74a53', 0, 'foo-089', -80);
INSERT INTO "ACCESS" ("ID", "OWNERSHIP", "PERMISSION", "ACTOR_ID", "ENTRY_ID") VALUES (-89, 0, 0, -12, -89);
INSERT INTO "DIRECTORY_ENTRY" ("ID", "TYPE", "EXT_ID", "STATUS", "NAME", "PARENT_ID") VALUES (-90, 0, '2eab90f3-6861-4cd7-ae98-3d657ef70824', 0, 'foo-090', -80);
INSERT INTO "ACCESS" ("ID", "OWNERSHIP", "PERMISSION", "ACTOR_ID", "ENTRY_ID") VALUES (-90, 0, 0, -12, -90);
INSERT INTO "DIRECTORY_ENTRY" ("ID", "TYPE", "EXT_ID", "STATUS", "NAME", "PARENT_ID") VALUES (-91, 0, '58c9fa0d-a489-4974-8636-e62bff8fcdb7', 0, 'foo-091', -80);
INSERT INTO "ACCESS" ("ID", "OWNERSHIP", "PERMISSION", "ACTOR_ID", "ENTRY_ID") VALUES (-91, 0, 0, -12, -91);
INSERT INTO "DIRECTORY_ENTRY" ("ID", "TYPE", "EXT_ID", "STATUS", "NAME", "PARENT_ID") VALUES (-92, 0, 'c219a521-1d9c-4526-a6e5-b972addd4281', 0, 'foo-092', -80);
INSERT INTO "ACCESS" ("ID", "OWNERSHIP", "PERMISSION", "ACTOR_ID", "ENTRY_ID") VALUES (-92, 0, 0, -12, -92);
INSERT INTO "DIRECTORY_ENTRY" ("ID", "TYPE", "EXT_ID", "STATUS", "NAME", "PARENT_ID") VALUES (-93, 0, 'b7d2444a-95c3-4937-b383-87e26f1f1469', 0, 'foo-093', -80);
INSERT INTO "ACCESS" ("ID", "OWNERSHIP", "PERMISSION", "ACTOR_ID", "ENTRY_ID") VALUES (-93, 0, 0, -12, -93);
INSERT INTO "DIRECTORY_ENTRY" ("ID", "TYPE", "EXT_ID", "STATUS", "NAME", "PARENT_ID") VALUES (-94, 0, 'c10a52c2-b6ec-4f74-bea1-3567645b18cb', 0, 'foo-094', -80);
INSERT INTO "ACCESS" ("ID", "OWNERSHIP", "PERMISSION", "ACTOR_ID", "ENTRY_ID") VALUES (-94, 0, 0, -12, -94);
INSERT INTO "DIRECTORY_ENTRY" ("ID", "TYPE", "EXT_ID", "STATUS", "NAME", "PARENT_ID") VALUES (-95, 0, '22688b5c-20e4-439e-8c22-c0e4d1183814', 0, 'foo-095', -80);
INSERT INTO "ACCESS" ("ID", "OWNERSHIP", "PERMISSION", "ACTOR_ID", "ENTRY_ID") VALUES (-95, 0, 0, -12, -95);
INSERT INTO "DIRECTORY_ENTRY" ("ID", "TYPE", "EXT_ID", "STATUS", "NAME", "PARENT_ID") VALUES (-96, 0, '7f112ee7-b8ef-415d-bdb3-fb874ac14e4b', 0, 'foo-096', -80);
INSERT INTO "ACCESS" ("ID", "OWNERSHIP", "PERMISSION", "ACTOR_ID", "ENTRY_ID") VALUES (-96, 0, 0, -12, -96);
INSERT INTO "DIRECTORY_ENTRY" ("ID", "TYPE", "EXT_ID", "STATUS", "NAME", "PARENT_ID") VALUES (-97, 0, '0eb7fa6a-e00b-4b67-b76f-8b76c24c0f12', 0, 'foo-097', -80);
INSERT INTO "ACCESS" ("ID", "OWNERSHIP", "PERMISSION", "ACTOR_ID", "ENTRY_ID") VALUES (-97, 0, 0, -12, -97);
INSERT INTO "DIRECTORY_ENTRY" ("ID", "TYPE", "EXT_ID", "STATUS", "NAME", "PARENT_ID") VALUES (-98, 0, 'ff4bba1a-ddba-401b-8070-e8a0cc539737', 0, 'foo-098', -80);
INSERT INTO "ACCESS" ("ID", "OWNERSHIP", "PERMISSION", "ACTOR_ID", "ENTRY_ID") VALUES (-98, 0, 0, -12, -98);
INSERT INTO "DIRECTORY_ENTRY" ("ID", "TYPE", "EXT_ID", "STATUS", "NAME", "PARENT_ID") VALUES (-99, 0, '5530e62c-d517-4f1d-904d-43242ca682c0', 0, 'foo-099', -80);
INSERT INTO "ACCESS" ("ID", "OWNERSHIP", "PERMISSION", "ACTOR_ID", "ENTRY_ID") VALUES (-99, 0, 0, -12, -99);
INSERT INTO "DIRECTORY_ENTRY" ("ID", "TYPE", "EXT_ID", "STATUS", "NAME", "PARENT_ID") VALUES (-100, 0, 'eeb5344e-9092-43ea-8181-3d5225f01065', 0, 'foo-100', -80);
INSERT INTO "ACCESS" ("ID", "OWNERSHIP", "PERMISSION", "ACTOR_ID", "ENTRY_ID") VALUES (-100, 0, 0, -12, -100);
